CAPÍTULO,PERGUNTA,RESPOSTA
Capítulo 1,Para quem Lucas escreveu o seu evangelho?,TEÓFILO
Capítulo 1,Quem era o rei da Judéia quando Jesus nasceu?,HERODES
Capítulo 1,"O que fazia Zacarias, de qual ordem ele era, qual o nome de sua mulher e era uma das filhas de quem?","SACERDOTE DA ORDEM DE ABIAS; SUA MULHER ISABEL, UMA DAS FILHAS DE ARÃO."
Capítulo 1,"O casal não tinha filhos, porque Isabel era estéril. Certa vez, segundo o costume sacerdotal, coube a Zacarias entrar no templo para fazer o quê?",OFERECER INCENSO.
Capítulo 1,Quem apareceu a ele e o que disse?,"UM ANJO, DISSE QUE ELES TERIAM UM FILHO E SEU NOME SERIA JOÃO."
Capítulo 1,"João seria grande, o que ele não beberia e seria cheio do quê?","NÃO BEBERIA VINHO NEM BEBIDA FORTE, E SERIA CHEIO DO ESPÍRITO SANTO."
Capítulo 1,O que faria João e que virtude ele teria?,"CONVERTERIA OS FILHOS DE ISRAEL AO SENHOR, PARA PREPARAR UM POVO BEM DISPOSTO. TERIA A VIRTUDE DE ELIAS."
Capítulo 1,"Como Zacarias duvidou, qual foi o sinal que o anjo deu?",ELE FICARIA MUDO ATÉ O NASCIMENTO DE JOÃO.
Capítulo 1,Durante quanto tempo Isabel ocultou a gravidez?,CINCO MESES.
Capítulo 1,No sexto mês quem foi até Nazaré falar com a virgem Maria?,O ANJO GABRIEL.
Capítulo 1,Quem era o marido de Maria e de que casa ele era?,"JOSÉ, DA CASA DE DAVI."
Capítulo 1,O que disse o anjo a Maria?,"SALVE, AGRACIADA; O SENHOR É CONTIGO; BENDITA ÉS TU ENTRE AS MULHERES."
Capítulo 1,Qual foi a reação de Maria?,TURBOU-SE MUITO COM AQUELA SAUDAÇÃO.
Capítulo 1,O que ele disse que aconteceria com ela?,ELA CONCEBERIA E DARIA À LUZ UM FILHO.
Capítulo 1,Que nome seria dado à criança e por quê?,"JESUS – SERÁ GRANDE, FILHO DO ALTÍSSIMO, REINARÁ PARA SEMPRE, SEU REINO NÃO TERÁ FIM."
Capítulo 1,Como Maria concebeu sem conhecer varão?,"O ESPÍRITO SANTO DESCERIA SOBRE ELA, E A VIRTUDE DO ALTÍSSIMO A COBRIRIA."
Capítulo 1,O que Isabel era de Maria e quanto tempo era sua gravidez?,"PRIMA, ESTAVA NO SEXTO MÊS."
Capítulo 1,O que Maria disse ao anjo?,EIS AQUI SUA SERVA. CUMPRA-SE EM MIM SEGUNDO A TUA PALAVRA.
Capítulo 1,O que aconteceu quando Isabel ouviu a saudação de Maria?,A CRIANCINHA SALTOU NO SEU VENTRE.
Capítulo 1,O que Isabel exclamou com grande voz?,"BENDITA ÉS TU ENTRE AS MULHERES, BENDITO O FRUTO DO TEU VENTRE."
Capítulo 1,Quantos meses Maria ficou com Isabel?,QUASE TRÊS MESES.
Capítulo 1,O que Zacarias escreveu na tabuinha?,O NOME DE JOÃO.
Capítulo 1,O que aconteceu assim que escreveu?,SUA BOCA SE ABRIU E LOUVOU A DEUS.
Capítulo 1,O que Zacarias disse que João seria chamado?,PROFETA DO ALTÍSSIMO.
Capítulo 1,Onde o menino cresceria e se fortaleceria em espírito?,"NOS DESERTOS, ATÉ SE MOSTRAR A ISRAEL."
Capítulo 2,Quem fez um decreto para que todos se alistassem?,CÉSAR AUGUSTO.
Capítulo 2,Quem era governador da Síria no primeiro alistamento?,CIRÊNIO.
Capítulo 2,Onde José e Maria foram se alistar e por quê?,"EM BELÉM, PORQUE JOSÉ ERA DA CASA DE DAVI."
Capítulo 2,Por que Jesus foi colocado em uma manjedoura?,POR NÃO HAVER LUGAR NA ESTALAGEM.
Capítulo 2,A quem apareceu o anjo e o que disse?,"AOS PASTORES DE BELÉM, DISSE: NASCEU HOJE O SALVADOR, O CRISTO."
Capítulo 2,Que sinal o anjo deu sobre Jesus?,O MENINO ESTARIA ENVOLTO EM PANOS E DEITADO EM UMA MANJEDOURA.
Capítulo 2,O que apareceu no céu e o que eles cantavam?,"MULTIDÃO DOS EXÉRCITOS CELESTIAIS, CANTAVAM: GLÓRIA A DEUS NAS ALTURAS."
Capítulo 2,Qual era a oferta para apresentar Jesus no templo?,UM PAR DE ROLAS OU DOIS POMBINHOS.
Capítulo 2,Como se chamava o homem justo que veria o Salvador?,SIMEÃO.
Capítulo 2,"Sobre a profetisa Ana, complete: nome, pai, tribo, estado civil, idade.","ANA, FILHA DE FANUEL, DA TRIBO DE ASER, VIÚVA, QUASE 84 ANOS."
Capítulo 2,Para que lugar voltaram depois?,"PARA NAZARÉ, NA GALILÉIA."
Capítulo 2,Quantos anos tinha Jesus quando foi à Páscoa?,DOZE ANOS.
Capítulo 2,Quanto tempo demoraram para perceber que Jesus estava ausente e quantos dias o procuraram?,"UM DIA DE CAMINHO, TRÊS DIAS PROCURANDO."
Capítulo 2,Onde encontraram Jesus e o que ele fazia?,"NO TEMPLO, ASSENTADO ENTRE OS DOUTORES, OUVINDO E INTERROGANDO."
Capítulo 2,O que Jesus respondeu aos pais?,NÃO SABEIS QUE ME CONVÉM TRATAR DOS NEGÓCIOS DO MEU PAI?
Capítulo 3,No ano quinze de que imperador romano João começou a pregar?,TIBÉRIO CÉSAR
Capítulo 3,Quem era governador da Judéia?,PÔNCIO PILATOS
Capítulo 3,Quem era tetrarca da Galiléia?,HERODES
Capítulo 3,Quem era tetrarca da Ituréia e da província de Traconites?,FILIPE
Capítulo 3,Filipe era irmão de quem?,HERODES
Capítulo 3,Quem era tetrarca de Abilene?,LISÂNIAS
Capítulo 3,Quem eram os sumos sacerdotes?,ANÁS E CAIFÁS
Capítulo 3,O que João pregava ao percorrer toda a terra ao redor do Jordão?,O BATISMO DE ARREPENDIMENTO PARA PERDÃO DOS PECADOS
Capítulo 3,"Que profeta profetizou sobre João Batista, e o que dizia?",ISAÍAS – VOZ DO QUE CLAMA NO DESERTO: PREPARAI O CAMINHO DO SENHOR E ENDIREITAI AS SUAS VEREDAS.
Capítulo 3,O que João respondeu à multidão?,QUEM TIVER DUAS TÚNICAS REPARTA COM QUEM NÃO TEM.
Capítulo 3,O que João respondeu aos publicanos?,NÃO COBRAR MAIS DO QUE ESTÁ ORDENADO.
Capítulo 3,O que João respondeu aos soldados?,"NÃO MALTRATAR, NÃO DEFRAUDAR, CONTENTAR-SE COM O SOLDO."
Capítulo 3,O que João respondeu quando perguntaram se ele era o Cristo?,"NÃO SOU. EU BATIZO COM ÁGUA, MAS VIRÁ AQUELE QUE BATIZARÁ COM O ESPÍRITO SANTO E COM FOGO."
Capítulo 3,Por que Herodes prendeu João Batista?,"POR TER REPREENDIDO HERODES AO TOMAR HERODIAS, MULHER DE SEU IRMÃO FILIPE."
Capítulo 3,O que desceu sobre Jesus no batismo e o que uma voz disse?,"O ESPÍRITO SANTO EM FORMA DE POMBA; VOZ DISSE: TU ÉS MEU FILHO AMADO, EM TI ME AGRADO."
Capítulo 3,Com que idade Jesus começou seu ministério?,QUASE TRINTA ANOS.
Capítulo 3,Quantas gerações há na genealogia de Jesus segundo Lucas?,78 GERAÇÕES (DE JESUS ATÉ DEUS).
Capítulo 4,"Quem levou Jesus ao deserto, quantos dias ficou sem comer e com que finalidade?","O ESPÍRITO O LEVOU, FICOU 40 DIAS PARA SER TENTADO."
Capítulo 4,Primeira tentação e resposta de Jesus?,"TRANSFORMAR PEDRAS EM PÃO. RESPOSTA: NEM SÓ DE PÃO VIVERÁ O HOMEM, MAS DE TODA PALAVRA DE DEUS."
Capítulo 4,Segunda tentação e resposta de Jesus?,ADORAR SATANÁS PARA TER OS REINOS. RESPOSTA: ADORARÁS AO SENHOR TEU DEUS E SÓ A ELE SERVIRÁS.
Capítulo 4,Terceira tentação e resposta de Jesus?,LANÇAR-SE DO PINÁCULO. RESPOSTA: NÃO TENTARÁS AO SENHOR TEU DEUS.
Capítulo 4,Que profeta Jesus leu na sinagoga de Nazaré?,ISAÍAS.
Capítulo 4,O que o profeta Isaías dizia sobre Jesus?,"O ESPÍRITO DO SENHOR É SOBRE MIM, POIS ME UNGIU PARA EVANGELIZAR, CURAR, LIBERTAR E ANUNCIAR O ANO ACEITÁVEL DO SENHOR."
Capítulo 4,O que Jesus disse após ler a profecia?,HOJE SE CUMPRIU ESTA ESCRITURA EM VOSSOS OUVIDOS.
Capítulo 4,O que Jesus disse sobre os profetas em sua pátria?,NENHUM PROFETA É BEM RECEBIDO NA SUA PÁTRIA.
Capítulo 4,Quem foi enviado à viúva em Sarepta de Sidom na época da fome?,ELIAS.
Capítulo 4,Quem foi curado da lepra por Eliseu?,NAAMÃ.
Capítulo 4,Qual foi a reação do povo quando ouviu as palavras de Jesus?,"FICARAM IRADOS E TENTARAM MATÁ-LO, MAS JESUS PASSOU PELO MEIO DELES E FOI EMBORA."
Capítulo 4,Quem estava na sinagoga em Cafarnaum e o que dizia?,"UM ENDEMONINHADO, QUE DISSE: BEM SEI QUEM ÉS: O SANTO DE DEUS."
Capítulo 4,O que Jesus fez com o endemoninhado?,"REPRENDEU, DISSE: CALA-TE E SAI DELE. O DEMÔNIO SAIU SEM CAUSAR MAL."
Capítulo 4,Quem estava doente na casa de Simão Pedro e o que tinha?,"A SOGRA DE PEDRO, COM MUITA FEBRE."
Capítulo 4,O que era importante que Jesus anunciasse em outras cidades?,O REINO DE DEUS.
Capítulo 5,"Chegando no lago de Genesaré, viu dois barcos junto à praia. O que eles estavam fazendo?",LAVANDO AS REDES
Capítulo 5,No barco de quem Jesus entrou e começou a ensinar a multidão?,PEDRO
Capítulo 5,"Acabando de ensinar, que ordem deu Jesus a Pedro?",QUE FOSSE AO ALTO MAR E LANÇASSE A REDE
Capítulo 5,Qual foi a resposta de Pedro e o que ocorreu em seguida?,"MESTRE, HAVENDO TRABALHADO A NOITE TODA, NADA APANHAMOS, MAS COMO MANDAS, LANÇAREI A REDE. COLHERAM UMA QUANTIDADE ENORME DE PEIXES. PEDIRAM PARA O OUTRO BARCO VIR E OS DOIS FICARAM CHEIOS DE PEIXES, INDO QUASE A PIQUE"
Capítulo 5,Que disse Pedro ao ver tal milagre?,"PROSTROU-SE AOS PÉS DE JESUS E DISSE: SENHOR, AUSENTA-TE DE MIM, POIS SOU PECADOR"
Capítulo 5,Quem eram os companheiros de Pedro?,"TIAGO E JOÃO, FILHOS DE ZEBEDEU"
Capítulo 5,Qual foi o convite de Jesus e o que eles fizeram?,"NÃO TEMAS; DE AGORA EM DIANTE, SERÁS PESCADOR DE HOMENS. LEVANDO OS BARCOS PARA A TERRA, DEIXARAM TUDO E O SEGUIRAM"
Capítulo 5,"Estando em uma daquelas cidades, aproximou-se de Jesus um homem leproso. Qual foi o seu pedido?","SENHOR, SE QUISERES, BEM PODES LIMPAR-ME"
Capítulo 5,"Qual foi a reação de Jesus, e o que ocorreu?","ESTENDENDO A MÃO, TOCOU-LHE E DISSE: QUERO; SÊ LIMPO. E LOGO A LEPRA DESAPARECEU"
Capítulo 5,Que ordem Jesus deu a ele?,"VAI, MOSTRA-TE AO SACERDOTE E OFERECE O QUE DETERMINOU MOISÉS PARA SUA PURIFICAÇÃO"
Capítulo 5,"Estando Jesus pregando entre doutores, fariseus, vindos da Galiléia, Judéia e de Jerusalém, quem trouxeram a ele e por onde o passaram para chegar até Jesus?","UM HOMEM PARALÍTICO - NO TELHADO, POR ENTRE AS TELHAS, BAIXARAM A CAMA ATÉ JESUS"
Capítulo 5,"Vendo Jesus a fé, o que Ele disse ao paralítico?","HOMEM, OS TEUS PECADOS TE SÃO PERDOADOS"
Capítulo 5,Qual foi a reação dos escribas e fariseus?,QUEM É ESTE QUE DIZ BLASFÊMIAS? QUEM PODE PERDOAR PECADOS SENÃO DEUS
Capítulo 5,Qual foi a resposta de Jesus e o que ocorreu com o paralítico?,"QUAL É MAIS FÁCIL, DIZER PERDOADOS OS TEUS PECADOS OU LEVANTA E ANDA? O PARALÍTICO LEVANTOU, TOMOU A CAMA E FOI PARA SUA CASA"
Capítulo 5,"Onde estava assentado o publicano Levi, que ordem Jesus deu a ele e para onde foi?","NA RECEBEDORIA - SEGUE-ME - PARA A CASA DELE, ONDE COMEU COM PUBLICANOS E PECADORES"
Capítulo 5,"Quando perguntaram a Jesus sobre o Jejum, que os discípulos de João e os fariseus faziam, qual foi a resposta de Jesus?",COMO PODE JEJUAR OS CONVIDADOS DAS BODAS ENQUANTO O NOIVO ESTÁ COM ELES? VIRÁ TEMPO EM QUE O NOIVO SERÁ TIRADO E AÍ JEJUARÃO. E CONTOU-LHES A PARÁBOLA DO PANO DA ROUPA NOVA E DO VINHO NOVO EM ODRES VELHOS
Capítulo 6,"Quando em dia de sábado passaram pelas searas, o que os discípulos fizeram?","ARRANCANDO ESPIGAS, ESFREGARAM NAS MÃOS E COMERAM"
Capítulo 6,"Alguns dos fariseus falaram que não era lícito fazer aquilo, quem Jesus mencionou que tinha entrado na casa de Deus e comido o pão da proposição?",DAVI
Capítulo 6,"Em outro sábado, entrando Ele na sinagoga, havia um homem com problema. Qual era o seu problema e o que fez Jesus?","ELE TINHA UMA DAS MÃOS MIRRADAS. JESUS MANDOU ELE SE LEVANTAR, FICAR DE PÉ NO MEIO, PERGUNTOU SE ERA LÍCITO FAZER O BEM NO SÁBADO, E DISSE PARA ELE ESTENDER A MÃO E ELE FICOU CURADO"
Capítulo 6,"Segundo Lucas, qual o nome dos doze discípulos?","SIMÃO PEDRO, ANDRÉ, TIAGO, JOÃO, FILIPE, BARTOLOMEU, MATEUS, TOMÉ, TIAGO (FILHO DE ALFEU), SIMÃO (O ZELOTE), JUDAS (FILHO DE TIAGO) E JUDAS ISCARIOTES"
Capítulo 6,De onde vieram as pessoas para ouvir o sermão da montanha?,"TODA JUDÉIA, JERUSALÉM, DA COSTA MARÍTIMA DE TIRO E SIDOM"
Capítulo 6,Bem-aventurandos os que...,"(Inclui todas as sentenças sobre pobres, fome, choro, perseguição e os ais)"
Capítulo 6,Cite ordens de Jesus,"(Inclui amar inimigos, dar a outra face, não julgar, etc.)"
Capítulo 6,Cada árvore conhece pelo seu fruto. Não se pode colher figos e uvas do que?,ESPINHEIRO E ABROLHOS
Capítulo 6,A quem é semelhante o homem que ouve e pratica?,"AO HOMEM QUE CAVOU FUNDO O ALICERCE, COLOCOU EM CIMA DA ROCHA"
Capítulo 6,A quem é semelhante o homem que não ouve nem pratica?,AO HOMEM QUE CONSTRUIU A CASA SEM ALICERCE
Capítulo 7,Pedido do centurião em Cafarnaum,QUE CURASSE O SEU SERVO; ERA UM HOMEM BOM E TINHA CONSTRUÍDO A SINAGOGA
Capítulo 7,O que centurião falou a Jesus?,NÃO PRECISA ENTRAR EM CASA; FALE APENAS UMA PALAVRA E MEU CRIADO SARARÁ
Capítulo 7,O que Jesus disse e o que aconteceu com o criado?,DIGO-VOS QUE NEM EM ISRAEL TENHO ACHADO TANTA FÉ; O CRIADO FOI CURADO
Capítulo 7,Cidade onde Jesus encontrou a viúva,NAIM
Capítulo 7,O que Jesus fez e o que aconteceu com o defunto?,"DISSE: NÃO CHORES; TOCOU O ESQUIFE E DISSE: JOVEM, LEVANTA-TE; ELE ASSENTOU-SE E FALOU"
Capítulo 7,Pergunta de João Batista,ÉS TU AQUELE QUE HAVIA DE VIR OU ESPEREMOS OUTRO?
Capítulo 7,O que Jesus fez e mandou responder?,"CURA DE ENFERMOS, CEGOS, LEPROSOS, SURDOS; MORTOS RESSUSCITAM, POBRES OUVEM O EVANGELHO"
Capítulo 7,O que Jesus falou sobre João?,"ENTRE OS NASCIDOS DE MULHER, NÃO HÁ MAIOR PROFETA"
Capítulo 8,Algumas mulheres são mencionadas que serviam a Jesus. Algumas com suas fazendas. Mencione o nome de algumas?,"MARIA MADALENA QUE TINHA 07 DEMÔNIOS E FORAM EXPULSOS; JOANA, MULHER DE CUZA, PROCURADOR DE HERODES; SUZANA"
Capítulo 8,"Na parábola do semeador, responda: NO CAMINHO...? NA PEDRA...? ENTRE ESPINHOS...? TERRA BOA...?",NO CAMINHO: FOI PISADA E AS AVES COMERAM; NA PEDRA: NASCIDA SECOU-SE POR FALTA DE UMIDADE; ENTRE ESPINHOS: CRESCENDO COM ELAS A SUFOCARAM; TERRA BOA: CRESCEU E PRODUZIU FRUTO 100 POR 01
Capítulo 8,A semente é a palavra de Deus. Qual a explicação da parábola?,"NO CAMINHO: OUVEM, MAS VEM O DIABO E TIRA A PALAVRA; NA PEDRA: OUVEM, MAS NÃO TEM RAIZ; NOS ESPINHOS: OUVEM, MAS SÃO SUFOCADOS PELOS DELEITES DA VIDA E RIQUEZAS; EM BOA TERRA: OUVEM, CONSERVAM E DÃO FRUTO"
Capítulo 8,Na parábola da candeia onde ela deveria ser colocada?,"NÃO DEBAIXO DA CAMA OU COBERTA COM VASO, MAS NO VELADOR. PORQUE NADA HÁ OCULTO QUE NÃO HAJA DE SER MANIFESTO"
Capítulo 8,Quem são os irmãos e mãe de Jesus?,TODOS AQUELES QUE OUVEM A PALAVRA DE DEUS E A PRATICAM
Capítulo 8,"Entrando Jesus num barco, o que aconteceu e o que ele fez?","HOUVE GRANDE TEMPESTADE, O BARCO ENCHIA DE ÁGUA. JESUS LEVANTOU-SE E REPREENDEU O VENTO E A ÁGUA; HOUVE BONANÇA"
Capítulo 8,"Na cura do endemoninhado gadareno, onde ele morava e qual seu nome?",NA TERRA DOS GADARENOS; HABITAVA NOS SEPULCROS; SEU NOME ERA LEGIÃO
Capítulo 8,O que os demônios pediram a Jesus e o que aconteceu?,PARA ENTRAR EM UMA MANADA DE PORCOS; OS PORCOS SE PRECIPITARAM NO LAGO E MORRERAM
Capítulo 8,Qual foi o pedido de Jairo e quem ele era?,QUE JESUS FOSSE À SUA CASA E CURASSE SUA FILHA QUE ESTAVA À MORTE; ELE ERA PRÍNCIPE DA SINAGOGA
Capítulo 8,A filha era única e tinha quantos anos?,QUASE DOZE ANOS
Capítulo 8,"No caminho, quem tocou em Jesus e por quê?",UMA MULHER COM FLUXO DE SANGUE HÁ DOZE ANOS
Capítulo 8,O que Jesus disse quando ela tocou nele?,"ALGUÉM TOCOU EM MIM, PORQUE PERCEBI QUE SAIU VIRTUDE"
Capítulo 8,O que Jesus disse à mulher?,TEM BOM ÂNIMO; A TUA FÉ TE SALVOU; VAI EM PAZ
Capítulo 8,Que notícia trouxeram da casa de Jairo?,QUE A FILHA HAVIA MORRIDO
Capítulo 8,Quem Jesus levou consigo para o quarto da menina?,"PEDRO, TIAGO, JOÃO, JAIRO E A MÃE DA MENINA"
Capítulo 8,O que disseram quando Jesus falou que ela dormia?,RIRAM DELE
Capítulo 8,O que Jesus disse ao pegar a menina pela mão?,"LEVANTA-TE, MENINA"
Capítulo 8,O espírito voltou e ela levantou-se. O que Jesus mandou dar a ela?,DE COMER
Capítulo 9,"Convocando os doze discípulos, o que Jesus deu a eles?",PODER E AUTORIDADE SOBRE DEMÔNIOS E PARA CURAR ENFERMIDADES; ENVIADOS A PREGAR E CURAR
Capítulo 9,O que eles deveriam levar e não levar?,"NÃO LEVAR NADA: NEM BORDÃO, NEM ALFORJE, NEM PÃO, NEM DINHEIRO, NEM DUAS TÚNICAS"
Capítulo 9,O que deveriam fazer se uma cidade não os recebesse?,SACUDIR O PÓ DOS PÉS EM TESTEMUNHO CONTRA ELES
Capítulo 9,Quem procurava ver Jesus?,HERODES O TETRARCA
Capítulo 9,"Primeira multiplicação dos pães: onde, com quanto e para quantos?",EM BETSAIDA; 5 PÃES E 2 PEIXES; CERCA DE 5000 HOMENS; SOBRARAM 12 CESTOS
Capítulo 9,O que responderam quando Jesus perguntou quem ele era?,"UNS DISSERAM: JOÃO BATISTA, OUTROS: ELIAS; PEDRO DISSE: O CRISTO DE DEUS"
Capítulo 9,O que Jesus disse que cada um deveria levar?,"NEGAR-SE A SI MESMO, TOMAR SUA CRUZ CADA DIA E SEGUIR"
Capítulo 9,Quantos dias até a transfiguração?,OITO DIAS
Capítulo 9,Quem Jesus levou para a transfiguração?,"PEDRO, TIAGO E JOÃO"
Capítulo 9,Como ficou Jesus e quem apareceu?,"ROSTO RESPLANDECEU, VESTES BRANCAS; APARECERAM MOISÉS E ELIAS"
Capítulo 9,O que sugeriu Pedro?,FAZER TRÊS TENDAS
Capítulo 9,O que a voz da nuvem disse?,ESTE É MEU FILHO AMADO; A ELE OUVI
Capítulo 9,O que pediu o pai do jovem lunático?,"MESTRE, OLHA PARA MEU FILHO; UM ESPÍRITO O ATORMENTA"
Capítulo 9,O que ele disse sobre os discípulos?,QUE NÃO PUDERAM CURAR
Capítulo 9,O que aconteceu quando trouxeram o jovem?,O DEMÔNIO O CONVULSIONOU; JESUS O CURA E ENTREGA AO PAI
Capítulo 9,Quem seria o maior? Qual foi a lição de Jesus?,TOMOU UMA CRIANÇA E DISSE: QUEM RECEBE ESTA CRIANÇA EM MEU NOME A MIM ME RECEBE
Capítulo 9,O que Jesus disse sobre quem expulsava demônios em seu nome?,NÃO O IMPEÇAIS; QUEM NÃO É CONTRA NÓS É POR NÓS
Capítulo 9,Que aldeia não recebeu Jesus?,ALDEIA DOS SAMARITANOS
Capítulo 9,Quem quis mandar descer fogo?,TIAGO E JOÃO
Capítulo 9,O que o Filho do Homem não tinha?,ONDE RECLINAR A CABEÇA
Capítulo 9,O que Jesus respondeu ao que queria enterrar o pai?,DEIXA OS MORTOS ENTERRAR OS SEUS MORTOS; TU VAI E ANUNCIA O REINO
Capítulo 9,Quem não era apto para o Reino?,QUEM LANÇA MÃO DO ARADO E OLHA PARA TRÁS
Capítulo 10,Jesus enviou os setenta como cordeiros no meio de quê?,LOBOS
Capítulo 10,O que não deveriam levar?,"NEM BOLSA, ALFORJE, NEM SANDÁLIAS; NÃO SAUDAR PELO CAMINHO"
Capítulo 10,O que dizer na casa que entrassem?,PAZ SEJA NESTA CASA
Capítulo 10,Onde deveriam permanecer?,"NA MESMA CASA, COMENDO E BEBEN"
Capítulo 11,Na oração dominical a oração de Lucas é completa ou reduzida?,A reduzida
Capítulo 11,Na parábola do amigo importuno: Qual hora ele foi procurar?,Meia noite
Capítulo 11,O que pediu?,Três pães
Capítulo 11,O que o dono da casa estava fazendo?,Já tinha se recolhido com a família
Capítulo 11,Por que ele ajudou o amigo?,Para não ficar importunando
Capítulo 11,Se o filho pedir pão...,Não dará pedra
Capítulo 11,Se pedir peixe...,Não dará serpente
Capítulo 11,Se pedir ovo...,Não dará escorpião
Capítulo 11,Qual era a blasfêmia dos fariseus?,Dizer que Jesus expulsava demônios por Belzebu
Capítulo 11,"Quando o espírito imundo sai e retorna, quanto outros espíritos leva consigo?",Sete piores do que ele
Capítulo 11,O que uma mulher gritou do meio da multidão?,Bem-aventurado o ventre que te trouxe e os peitos que mamaste
Capítulo 11,Que sinal Jesus disse que daria à geração maldita?,O sinal de Jonas
Capítulo 11,Que rainha do sul e que rei é mencionado?,Rainha do Sul e Rei Salomão
Capítulo 11,O que Jesus disse ser a candeia do corpo?,Os olhos
Capítulo 11,Por que censuraram Jesus?,Por comer sem se lavar
Capítulo 11,Que censura Jesus fez a eles?,"Limpam exterior, pratos, dizimam hortelã, amam os primeiros assentos"
Capítulo 11,O que eles desprezavam?,O juízo e o amor de Deus
Capítulo 11,A quem Jesus comparou eles?,Sepultura que não aparece
Capítulo 11,O sangue de quem seria requerido daquela geração?,De Abel até Zacarias
Capítulo 11,O que eles tiraram?,A chave da ciência
Capítulo 12,O que deveriam temer?,Aquele que depois de matar pode lançar no inferno
Capítulo 12,Por quanto cinco passarinhos podem ser vendidos?,Dois ceitis
Capítulo 12,Que pecado não seria perdoado?,Blasfêmia contra o Espírito Santo
Capítulo 12,Por que não deveriam se preocupar com o que falar diante das autoridades?,O Espírito Santo ensinaria
Capítulo 12,Na parábola do rico insensato: Do que devemos nos guardar?,Avareza
Capítulo 12,O que faltava ao rico?,Lugar para guardar
Capítulo 12,O que ele propôs fazer?,Derrubar os celeiros e construir outros maiores
Capítulo 12,O que faria depois de recolher tudo?,"Descansar, comer, beber e folgar"
Capítulo 12,O que pediriam dele naquela noite?,A alma
Capítulo 12,Quem não é rico para com Deus?,Quem ajunta tesouro para si
Capítulo 12,O que Jesus apontou na natureza?,Corvos e lírios
Capítulo 12,O que deveriam buscar?,O Reino de Deus
Capítulo 12,Que bolsas deveriam fazer?,Que não envelheçam
Capítulo 12,O que deveriam fazer os servos?,Vigiar
Capítulo 12,Quando viria o Senhor?,Em hora que não se espera
Capítulo 12,Castigo do servo não vigilante?,Seria açoitado
Capítulo 12,O que Jesus veio lançar na terra?,Fogo
Capítulo 12,O que Jesus veio trazer?,Dissensão
Capítulo 12,Quando assoprava vento sul?,Haverá calma
Capítulo 12,O que aconteceria se não se livrar do adversário?,"Seria levado ao magistrado, depois ao juiz, e à prisão"
Capítulo 13,O sangue de quem Herodes misturou com sacrifícios?,Galileus
Capítulo 13,Quantas pessoas morreram na torre de Siloé?,18
Capítulo 13,Onde estava a figueira?,Na vinha
Capítulo 13,Quantos anos procurava frutos nela?,Três anos
Capítulo 13,Que ordem o vinhateiro recebeu?,Cortar
Capítulo 13,O que pediu o vinhateiro?,"Deixar mais um ano, ia cavar e esterquejar"
Capítulo 13,Quantos anos a mulher estava enferma?,18 anos
Capítulo 13,Como ela andava?,Curvada
Capítulo 13,O que Jesus fez depois de falar?,Impôs as mãos e ela se endireitou
Capítulo 13,O que o príncipe da sinagoga disse?,"Hipócritas, livram animais no sábado"
Capítulo 13,Quem se aninha nos ramos da mostarda?,Aves do céu
Capítulo 13,Quantas medidas na parábola do fermento?,Três
Capítulo 13,Quem veriam dentro do Reino?,"Abraão, Isaque, Jacó e os profetas"
Capítulo 13,De onde viriam pessoas para a mesa no Reino?,"Oriente, ocidente, norte e sul"
Capítulo 13,Quem queria matar Jesus?,Herodes
Capítulo 13,Como Jesus chamou Herodes?,Raposa
Capítulo 13,Que cidade matava os profetas?,Jerusalém
Capítulo 13,A que Jesus comparou sua vontade de ajuntar as pessoas?,Galinha que ajunta pintos debaixo da asa
Capítulo 14,Em que dia da semana Jesus curou um hidrópico?,Sábado
Capítulo 14,"O que se caísse em um poço em dia de sábado, eles iriam imediatamente tirar?",Boi ou jumento
Capítulo 14,"Na parábola dos primeiros assentos e dos convidados, o que deveriam fazer quando fossem às bodas de alguém?",Sentar no derradeiro lugar
Capítulo 14,"Quando deres um jantar, quem eles deveriam convidar?","Não chame teus amigos, parentes, vizinhos ricos; e sim chamar os pobres, aleijados, mancos e cegos"
Capítulo 14,"Quem fizesse isso, que recompensa teria?",Seria bem-aventurado e recompensado na ressurreição dos justos
Capítulo 14,"Na parábola da grande ceia, que resposta os primeiros convidados deram para não ir à festa?",Comprei um campo e preciso vê-lo
Capítulo 14,Outro convidado respondeu o quê?,Comprei cinco juntas de bois e vou experimentá-los
Capítulo 14,Outro ainda respondeu o quê?,"Casei, não posso ir"
Capítulo 14,Quem ele mandou convidar no lugar dos amigos?,"Os pobres, mancos e os cegos"
Capítulo 14,Na parábola da providência: não pode ser meu discípulo se...,"Não aborrecer pai, mãe, mulher, filhos, irmãos e a própria vida"
Capítulo 14,Quem edifica uma torre deve...,Fazer as contas para ver se tem com que acabar
Capítulo 14,O rei que sai à guerra com 10.000 deve...,Sentar para ver se pode com outro que vem com 20.000; é melhor fazer as pazes
Capítulo 15,Na parábola da ovelha perdida: por que murmuravam os fariseus e escribas?,Porque Jesus recebia e comia com pecadores
Capítulo 15,Quantas ovelhas eram?,Cem ovelhas
Capítulo 15,Quantas ele deixou no deserto e foi atrás de quantas?,Deixou 99 e foi atrás de 1
Capítulo 15,Em que lugar ele coloca a ovelha quando a encontra?,Nos ombros
Capítulo 15,"Chegando em casa, quem ele reuniu para alegrar-se?",Amigos e vizinhos
Capítulo 15,Na parábola da dracma perdida: quantas dracmas eram?,Dez
Capítulo 15,Quantas ela perdeu?,Uma
Capítulo 15,O que ela faz para achar a dracma perdida?,"Acende a candeia, varre a casa e busca com diligência até achar"
Capítulo 15,"Quando acha, o que ela faz?",Convoca as amigas e vizinhas para alegrar-se com ela
Capítulo 15,Na parábola do filho pródigo: quantos filhos eram?,Dois
Capítulo 15,Quem pediu metade da herança para ir embora?,O mais novo
Capítulo 15,Para onde ele foi?,Para uma terra longínqua
Capítulo 15,O que ele fez com a herança?,"Gastou tudo, desperdiçou a fazenda e viveu dissolutamente"
Capítulo 15,O que veio àquela região?,Uma grande fome
Capítulo 15,Que trabalho ele arrumou para sobreviver?,Apascentar porcos
Capítulo 15,O que ele comia para encher o estômago?,Bolotas que os porcos comiam
Capítulo 15,"Não aguentando mais, o que fez?",Voltou para o pai e pediu para ser um dos seus trabalhadores
Capítulo 15,O que o pai fez quando o viu de longe?,"Correu ao seu encontro, lançou-se ao pescoço e o beijou"
Capítulo 15,O que deu a ele?,"Roupas, sandálias e um anel no dedo, e fez uma festa"
Capítulo 15,Quem chegou e reclamou?,O filho mais velho
Capítulo 15,Por que ele reclamou?,"Porque nunca ganhou um cabrito, enquanto o irmão gastou tudo com meretrizes e o pai matou um bezerro cevado"
Capítulo 16,Na parábola do mordomo infiel: de que foi acusado o mordomo infiel?,De dissipar os bens
Capítulo 16,O que o senhor pediu a ele?,Para dar conta da mordomia
Capítulo 16,O que ele fez para não ter problemas quando saísse?,Bolou um plano com os devedores do seu senhor
Capítulo 16,"O que devia 100 medidas de azeite, ele mandou marcar quanto?",Cinquenta
Capítulo 16,"O que devia 100 alqueires de trigo, ele mandou marcar quanto?",Oitenta
Capítulo 16,Qual foi a reação do seu senhor?,Louvou aquele infiel mordomo
Capítulo 16,Os filhos deste mundo são mais prudentes do que quem?,Os da luz
Capítulo 16,Granjeai amigos com riquezas da injustiça para que...?,"Quando estas faltarem, vos recebam nos tabernáculos eternos"
Capítulo 16,Quem é fiel no pouco é fiel no quê?,No muito
Capítulo 16,Não pode servir a Deus e a quem?,Mamom
Capítulo 16,A lei e os profetas duraram até quem?,João
Capítulo 16,Desde então é anunciado o quê?,O Reino de Deus
Capítulo 16,É mais fácil passar o céu do que o quê da lei?,Um til
Capítulo 16,Quem deixa a mulher e casa com outra comete que pecado?,Adultério
Capítulo 16,Na parábola do rico e Lázaro: do que vestia o homem rico?,De púrpura e linho finíssimo
Capítulo 16,O que tinha o mendigo Lázaro?,Cheio de chagas
Capítulo 16,O que ele comia?,Das migalhas que caíam da mesa do rico
Capítulo 16,Quem vinham lamber suas chagas?,Os cães
Capítulo 16,"Quando Lázaro morreu, para onde foi?",Ao seio de Abraão
Capítulo 16,"Quando o rico morreu, para onde foi?",Para o Hades em tormentos
Capítulo 16,O que ele pediu a Abraão?,Que Lázaro viesse e molhasse o dedo para refrescar sua língua
Capítulo 16,Por que não poderia um passar para o outro lado?,Por causa do abismo
Capítulo 16,O que ele pediu para Abraão depois?,Que enviasse alguém à sua casa para alertar seus cinco irmãos
Capítulo 16,O que Abraão respondeu?,"Eles têm Moisés e os profetas, ouçam-nos"
Capítulo 17,O que deveria fazer aquele de quem viesse escândalos?,Melhor seria colocar uma pedra de moinho e ser lançado ao mar do que fazer tropeçar um destes pequeninos.
Capítulo 17,"Se pecar sete vezes e sete vezes vier pedir perdão, o que deveria ser feito?",Deveria ser perdoado.
Capítulo 17,Se tivessem fé como um grão de mostarda o que seriam capazes de fazer?,"Dizer à amoreira: arranca-te daqui e lança-te no mar, e ela obedeceria."
Capítulo 17,Por que seríamos considerados servos inúteis?,Porque só fizemos o que deveria ser feito.
Capítulo 17,"Indo Jesus a Jerusalém, passando por Samaria e Galileia, quantos leprosos saíram ao encontro?",Dez.
Capítulo 17,O que eles disseram a Jesus?,"Mestre, tem misericórdia de nós."
Capítulo 17,Que ordem Jesus deu a eles?,Ide e mostrai-vos aos sacerdotes.
Capítulo 17,O que aconteceu no caminho?,Ficaram curados.
Capítulo 17,Quantos voltaram para agradecer e quem era ele?,"Apenas um, e ele era samaritano."
Capítulo 17,"Se alguém dissesse que o Reino de Deus era vindo, não deveriam acreditar. Porque o Filho do Homem viria comparado a quê?","Como o relâmpago ilumina desde uma extremidade até a outra, assim será no seu dia."
Capítulo 17,Como nos dias de quem seria a vinda do Filho do Homem?,"Como nos dias de Noé e de Ló: comiam, bebiam, casavam, compravam, vendiam, plantavam, edificavam, até que veio a destruição."
Capítulo 17,O que deveria fazer as pessoas nestas situações?,Estiver no telhado: não desça; estiver no campo: não volte para trás.
Capítulo 17,Que mulher é mencionada nesta parábola?,A mulher de Ló.
Capítulo 17,"Com respeito ao arrebatamento, responda:","Dois na cama: um será levado e outro ficará; duas moendo: uma será levada, outra ficará; dois no campo: um será tomado, outro ficará; onde estiverem os corpos, ajuntarão as águias."
Capítulo 18,"Na parábola do juiz iníquo, o que deveria sempre fazer?",Orar.
Capítulo 18,O que tinha na cidade?,Um juiz que não temia a Deus.
Capítulo 18,Quem o procurou?,Uma viúva.
Capítulo 18,Por que ele a atendeu?,Pela insistência dela.
Capítulo 18,"Na parábola do fariseu e do publicano, o que foram fazer no templo?",Orar.
Capítulo 18,Como orava o fariseu?,"De pé, dizendo ser justo e não como o publicano."
Capítulo 18,Quantas vezes ele jejuava por semana?,Duas.
Capítulo 18,Do que ele dava o dízimo?,De tudo que possuía.
Capítulo 18,Como orava o publicano?,"De pé, de longe, sem coragem de levantar os olhos, dizendo: “Ó Deus, tem misericórdia de mim”."
Capítulo 18,Quem saiu justificado?,O publicano.
Capítulo 18,Quem os discípulos repreendiam para não irem até Jesus?,As criancinhas.
Capítulo 18,O que perguntou o jovem rico a Jesus?,"Bom Mestre, o que devo fazer para herdar a vida eterna?"
Capítulo 18,Quem somente era bom?,Deus.
Capítulo 18,O que Jesus perguntou se ele fazia?,"Sabes os mandamentos: não adulterarás, não matarás, não furtarás, não dirás falso testemunho, honra pai e mãe."
Capítulo 18,Qual foi a resposta do jovem rico?,Todas estas coisas tenho feito desde a minha mocidade.
Capítulo 18,"O que Jesus disse que faltava pra ele, e que ordem deu?","Vende tudo o que tens, dá aos pobres, depois vem e segue-me."
Capítulo 18,Qual foi a reação do jovem rico?,Saiu triste porque era muito rico.
Capítulo 18,O que era mais fácil acontecer do que um rico entrar no céu?,Um camelo entrar pelo fundo de uma agulha.
Capítulo 18,Pedro disse que deixaram tudo e seguiram Jesus. O que Ele respondeu?,"Receberão muito mais neste mundo e, no vindouro, a vida eterna."
Capítulo 18,"Ao subir para Jerusalém, o que Jesus disse que aconteceria com Ele?","Seria entregue aos gentios, escarnecido, injuriado, cuspido, açoitado, morto e ao terceiro dia ressuscitaria."
Capítulo 18,"Chegando em Jericó, quem gritou “Jesus, Filho de Davi, tem misericórdia de mim”?",O cego de Jericó.
Capítulo 18,Jesus pediu para que ele viesse até Ele. O que o cego pediu?,"Senhor, que eu veja."
Capítulo 18,O que disse Jesus a ele?,"Vê, a tua fé te salvou."
Capítulo 19,"Entrando em Jericó, havia um homem rico e chefe dos publicanos. O que ele fez para ver Jesus?",Subiu em uma figueira brava.
Capítulo 19,O que Jesus disse a ele?,"Zaqueu, desce depressa, porque hoje convém pousar em tua casa."
Capítulo 19,O que as pessoas murmuravam?,Jesus entrara na casa de um pecador.
Capítulo 19,Qual foi a reação de Zaqueu com Jesus?,"Dou metade de meus bens aos pobres e, se defraudei alguém, restituo quadruplicado."
Capítulo 19,O que disse Jesus?,"Hoje veio salvação a esta casa, pois também este é filho de Abraão; porque o Filho do Homem veio buscar e salvar o que se havia perdido."
Capítulo 19,"Na parábola das dez minas, o que um nobre foi fazer em terra remota?",Tomar para si um reino.
Capítulo 19,Quem ele chamou e o que deu?,Dez servos e deu dez minas.
Capítulo 19,O primeiro servo devolveu quanto e qual foi o prêmio?,Dez minas; autoridade sobre dez cidades.
Capítulo 19,O segundo servo devolveu quanto e qual foi o prêmio?,Cinco minas; autoridade sobre cinco cidades.
Capítulo 19,O terceiro servo devolveu quanto e onde guardou?,Uma mina; guardou em um lenço.
Capítulo 19,Onde ele deveria ter colocado a mina?,Em um banco.
Capítulo 19,Para quem foi dada aquela mina?,Ao que tinha dez.
Capítulo 19,Aos inimigos o que ocorreria?,Seriam mortos diante do nobre.
Capítulo 19,Que lugares ficavam perto do monte das Oliveiras?,Betfagé e Betânia.
Capítulo 19,Que ordem deu a dois discípulos?,Ir à aldeia e trazer um jumentinho que nunca foi montado.
Capítulo 19,"Se alguém perguntasse por que estavam pegando o jumentinho, qual deveria ser a resposta?",Porque o Senhor precisa dele.
Capítulo 19,O que lançaram sobre o jumentinho e pelo caminho?,Suas vestes.
Capítulo 19,O que diziam no caminho?,Bendito o Rei que vem em nome do Senhor! Paz no céu e glória nas alturas.
Capítulo 19,O que Jesus respondeu aos fariseus que pediram para calar o povo?,"Se eles se calarem, as pedras clamarão."
Capítulo 19,O que Jesus fez ao ver a cidade?,Chorou sobre ela.
Capítulo 19,O que aconteceria com aquela cidade?,"Seria cercada, sitiada e destruída; não ficaria pedra sobre pedra."
Capítulo 19,O que Ele fez quando entrou no templo?,Expulsou os que vendiam e compravam no templo.
Capítulo 19,Por que os principais sacerdotes não achavam como matá-lo?,"Porque o povo pendia para Jesus, ouvindo-o."
Capítulo 20,"Qual foi a resposta de Jesus quando os principais dos sacerdotes, escribas e anciãos lhe perguntaram com que autoridade Ele fazia tudo aquilo?",Também farei uma pergunta: o batismo de João era do céu ou dos homens?
Capítulo 20,Qual foi a resposta deles e por que?,"Não sabemos, pois se dissessem do céu, Ele perguntaria por que não creram; se dissessem dos homens, o povo os apedrejaria por considerar João profeta."
Capítulo 20,"Na parábola dos lavradores maus, o que o homem plantou?",Uma vinha.
Capítulo 20,O que ele fez com a vinha?,Arrendou a uns lavradores e partiu para fora da terra por muito tempo.
Capítulo 20,Quem ele mandou à vinha?,Um servo.
Capítulo 20,O que os lavradores maus fizeram com o primeiro servo?,Espancaram e mandaram de volta vazio.
Capítulo 20,O que fizeram com o segundo servo?,"Espancaram e afrontaram, mandando-o vazio."
Capítulo 20,O que fizeram com o terceiro?,Feriram e expulsaram.
Capítulo 20,Quem ele mandou por fim?,O próprio filho amado.
Capítulo 20,O que os lavradores fizeram com o filho?,"Mataram-no fora da vinha, dizendo que a herança seria deles."
Capítulo 20,O que o senhor fez com eles?,Destruiu os lavradores maus e deu a vinha a outros.
Capítulo 20,"Querendo pegá-lo em alguma resposta, o que perguntaram sobre o tributo?",É lícito dar tributo a César ou não?
Capítulo 20,Qual foi a reação de Jesus?,Pediu uma moeda e perguntou de quem era a imagem e inscrição.
Capítulo 20,Qual foi a resposta deles e o que Jesus disse?,De César. Então dai a César o que é de César e a Deus o que é de Deus.
Capítulo 20,O que acontecia segundo a lei de Moisés quando um homem casado morria sem filhos?,O irmão deveria tomar a mulher para suscitar descendência.
Capítulo 20,O que os saduceus perguntaram sobre a ressurreição?,"De quem será mulher aquela que teve sete maridos, já que todos morreram?"
Capítulo 20,Qual foi a resposta de Jesus?,"No mundo vindouro não se casam, mas são como anjos; Deus é Deus de vivos e não de mortos."
Capítulo 20,De quem era Cristo filho?,Filho de Davi.
Capítulo 20,Que censura Jesus fez com respeito aos escribas?,"Gostam das vestes compridas, das saudações nas praças, das primeiras cadeiras nas sinagogas e dos primeiros lugares nos banquetes."
Capítulo 20,Quem eles devoravam e com que pretexto?,"As casas das viúvas, fazendo por pretexto longas orações."
Capítulo 21,"Na oferta da viúva pobre, onde os ricos lançavam o seu dinheiro?",Na arca do tesouro.
Capítulo 21,Quantas moedas a viúva lançou?,Duas pequenas moedas.
Capítulo 21,Quem lançou mais na arca do tesouro segundo Jesus?,"A viúva, pois deu tudo o que tinha, enquanto os outros deram do que lhes sobrava."
Capítulo 21,"No sermão profético, com respeito ao templo, o que Jesus disse?",Não ficará pedra sobre pedra que não seja derrubada.
Capítulo 21,Que cuidado deveriam ter para não serem enganados?,Muitos viriam em nome de Jesus dizendo “Sou eu” e “O tempo está próximo”.
Capítulo 21,"O que ocorreria, mas não seria o fim?","Guerras e sedições; é necessário, mas ainda não é o fim."
Capítulo 21,Que sinais aconteceriam?,"Nação contra nação, reino contra reino; terremotos, fomes, pestilências e sinais no céu."
Capítulo 21,"Antes de tudo isso, o que ocorreria com os seguidores de Jesus?","Seriam perseguidos, entregues às sinagogas, às prisões e levados diante de reis e governadores por causa de Jesus."
Capítulo 21,Que promessa teriam quanto ao que falar?,Jesus lhes daria boca e sabedoria.
Capítulo 21,Até quem os entregaria para a morte?,"Pais, irmãos e amigos."
Capítulo 21,O que não pereceria?,Nenhum fio de cabelo.
Capítulo 21,Na vossa paciência...,Possuí a vossa alma.
Capítulo 21,"Quando chegasse a desolação, o que seria sinal?",Quando Jerusalém estivesse cercada por exércitos.
Capítulo 21,O que fariam os que estivessem na Judeia?,Fugiriam para os montes.
Capítulo 21,O que aconteceria com Jerusalém?,Seria pisada pelos gentios até que se cumpram os tempos.
Capítulo 21,Que sinais teriam na volta do Filho do Homem?,"Sinais no sol, na lua e nas estrelas; angústia das nações pelo bramido do mar; os homens desmaiando de terror."
Capítulo 21,Como virá o Filho do Homem?,Numa nuvem com poder e grande glória.
Capítulo 21,"Quando estas coisas começarem a acontecer, o que fazer?","Olhar para cima e levantar a cabeça, porque a redenção se aproxima."
Capítulo 21,Do que o coração não deveria estar carregado?,"Glutonaria, embriaguez e cuidados da vida, para que aquele dia não venha de surpresa."
Capítulo 21,Como virá aquele dia?,Como um laço sobre todos os que habitam a terra.
Capítulo 21,O que deveria ser feito?,"Vigiar todo o tempo, orando para ser digno de escapar de tudo e estar de pé diante do Filho do Homem."
Capítulo 22,"Perto da Festa dos Pães Asmos, quem foi falar com os sacerdotes para entregar Jesus?","Judas Iscariotes, um dos doze."
Capítulo 22,Quem Jesus mandou preparar a Páscoa?,Pedro e João.
Capítulo 22,Quem eles deveriam seguir quando entrassem na cidade?,Um homem com um cântaro de água.
Capítulo 22,"Quando chegassem na casa, o que deveriam perguntar?",Onde está o aposento em que hei de comer a Páscoa?
Capítulo 22,O que o homem mostrou?,Um grande cenáculo mobiliado.
Capítulo 22,Qual era o desejo de Jesus antes de padecer?,Comer a Páscoa com os discípulos.
Capítulo 22,Até que viesse o quê não beberiam do fruto da vide?,O Reino de Deus.
Capítulo 22,O que representa o pão e o cálice?,O corpo e o sangue de Cristo.
Capítulo 22,O que era o cálice derramado por vós?,O novo testamento no sangue de Jesus.
Capítulo 22,O que Jesus disse sobre um dos discípulos?,A mão do que me trai está comigo à mesa.
Capítulo 22,"Quando houve contenda entre eles sobre quem era o maior, o que Jesus disse?",O maior entre vós seja como o menor.
Capítulo 22,O que fariam no Reino de Deus?,Assentariam em tronos e julgariam as doze tribos de Israel.
Capítulo 22,O que Satanás pediu para fazer com os discípulos e o que Jesus fez?,Cirandá-los como trigo; mas Jesus orou por Pedro para que sua fé não desfalecesse.
Capítulo 22,O que aconteceria com Pedro depois que se convertesse?,Confirmaria seus irmãos.
Capítulo 22,O que Jesus disse que Pedro faria?,"Antes que o galo cante, três vezes me negarás."
Capítulo 22,"Quando Jesus os enviou antes, nada lhes faltou; agora o que deviam levar?","Bolsa e alforje; e quem não tivesse espada, vendesse a capa e comprasse uma."
Capítulo 22,Quantas espadas tinham?,Duas.
Capítulo 22,Para onde Jesus foi orar após a ceia?,"Ao Monte das Oliveiras, no Getsêmani."
Capítulo 22,Qual era a oração de Jesus?,"Pai, se queres, passa de mim este cálice; todavia não se faça a minha vontade, mas a tua."
Capítulo 22,Quem apareceu para confortá-lo?,Um anjo do céu.
Capítulo 22,O que ocorreu quando orava em agonia?,Seu suor tornou-se como gotas de sangue.
Capítulo 22,"Ao levantar da oração, o que encontrou os discípulos fazendo?",Dormindo de tristeza.
Capítulo 22,Quem chegou em seguida e o que Judas fez?,Uma multidão; Judas beijou Jesus.
Capítulo 22,Qual foi a reação de um dos discípulos e o que Jesus fez?,Cortou a orelha do servo do sumo sacerdote; Jesus tocou e o curou.
Capítulo 22,Para onde levaram Jesus preso?,Para a casa do sumo sacerdote.
Capítulo 22,Onde Pedro se assentou?,"Perto do fogo, no pátio."
Capítulo 22,Quantas vezes Pedro negou Jesus e o que aconteceu depois?,"Três vezes; o galo cantou e Jesus olhou para Pedro, que chorou amargamente."
Capítulo 22,O que fizeram com Jesus antes de levá-lo ao concílio?,"Zombaram, feriram, vendaram seus olhos e mandaram que profetizasse."
Capítulo 22,Quem o conduziu ao concílio ao amanhecer?,"Anciãos do povo, principais sacerdotes e escribas."
Capítulo 22,O que perguntaram a Jesus e qual foi sua resposta?,Se és o Cristo; Ele disse: Vós dizeis que eu sou.
Capítulo 23,"Ao levarem Jesus para Pilatos, que acusações fizeram dele?","Perventendo a nação, proibindo dar tributo a César, e dizendo ser Cristo, o Rei."
Capítulo 23,"Que pergunta fez Pilatos a Jesus, e qual foi a resposta?",Tu és o Rei dos Judeus? … Tu o dizes.
Capítulo 23,"Pilatos ouvindo que Jesus ensinava por toda a Judéia, começando desde a Galiléia até Jerusalém, para quem Pilatos enviou Jesus?","Para Herodes, que naqueles dias estava em Jerusalém."
Capítulo 23,"Quando Herodes viu a Jesus, ficou alegre e fez muitas perguntas e esperava que Jesus fizesse algum sinal. Qual foi a resposta de Jesus?",Nada respondeu.
Capítulo 23,Herodes com seus soldados escarneciam de Jesus. Antes de enviar de volta a Pilatos o que eles fizeram?,Vestiram Jesus com uma roupa resplandecente.
Capítulo 23,O que aconteceu entre Pilatos e Herodes?,Fizeram as pazes e ficaram amigos naquele dia. Pois antes andavam em inimizade.
Capítulo 23,"Ao convocar os principais dos sacerdotes, os magistrados e o povo, o que Pilatos disse sobre Jesus?","Não vejo culpa alguma nele, nem Herodes viu."
Capítulo 23,"Na época da festa, era costume soltar um preso. Quem o povo pediu para ser solto, e quem era ele?",Barrabás. Tinha participado de uma sedição na cidade e de um homicídio.
Capítulo 23,"Ao soltar Barrabás, o que o povo pediu para fazer com Jesus?",Seja crucificado.
Capítulo 23,"No caminho do Gólgota, quem carregou a cruz de Jesus?","Simão, cireneu que vinha do campo."
Capítulo 23,Aonde batiam as mulheres quando lamentavam a condenação de Jesus?,No peito.
Capítulo 23,"Jesus ao ver elas aflitas, o que disse?","Filhas de Jerusalém, não choreis por mim, mas por vós e por vossos filhos. Eis que virão dias que as bem-aventuradas serão as estéreis, as que não geraram filhos e as que não amamentaram."
Capítulo 23,Onde crucificaram Jesus e com quem mais?,"Lugar chamado Caveira, com dois malfeitores."
Capítulo 23,O que disse Jesus ao ser crucificado?,"Pai, perdoa-lhes porque não sabem o que fazem."
Capítulo 23,O que fizeram com suas vestes?,Repartiram e lançaram sortes.
Capítulo 23,"Todos escarneciam dele dizendo se Ele fosse o Rei dos Judeus, que salvasse a si mesmo. O que os soldados ofereceram a Jesus?",Vinagre.
Capítulo 23,O que estava escrito por cima de Jesus e em que língua?,"Este é o Rei dos Judeus – em letras gregas, romanas e hebraicas."
Capítulo 23,O que disse um dos malfeitores a Jesus?,"Se tu és o Cristo, salva-te a ti mesmo e a nós."
Capítulo 23,O que o outro malfeitor disse?,"Tu nem temes a Deus, estando nesta condenação? Nós com justiça merecemos por nossos feitos. Mas este nenhum mal fez."
Capítulo 23,"Que pedido ele fez a Jesus, e qual foi a resposta?","Senhor, lembra-te de mim quando entrares no teu reino. Jesus respondeu: Em verdade te digo hoje, estarás comigo no paraíso."
Capítulo 23,Em que horas houve trevas em toda a terra?,Da hora sexta até a hora nona.
Capítulo 23,"Escurecendo o sol, o que ocorreu com o véu do templo?",Rasgou ao meio.
Capítulo 23,"Antes de expirar, o que Jesus disse?","Pai, nas tuas mãos entrego o meu espírito."
Capítulo 23,"Quem deu glória a Deus logo que Jesus expirou, e o que ele disse?",O centurião – Na verdade este homem era justo.
Capítulo 23,"Após a multidão presenciarem o espetáculo, o que eles voltando fizeram?",Batiam no peito.
Capítulo 23,Quem pediu o corpo de Jesus a Pilatos?,"José, um senador, natural de Arimatéia, cidade dos judeus."
Capítulo 23,O que ele fez com o corpo de Jesus?,"Enrolou em um lençol e pôs num sepulcro escavado numa penha, onde ninguém havia sido colocado antes."
Capítulo 23,"O que as mulheres que seguiam de longe, para ver onde tinham colocado o corpo de Jesus, fizeram no dia da Preparação, antes do sábado?",Prepararam ungüentos e especiarias.
Capítulo 24,"Logo de madrugada no primeiro dia da semana, elas foram ao sepulcro levando as especiarias. O que elas acharam no sepulcro?",A pedra removida e o corpo não estava lá.
Capítulo 23,Quem apareceu a elas com roupas resplandecentes?,Dois varões.
Capítulo 23,O que eles disseram às mulheres com respeito a Jesus?,"Por que buscais o vivente entre os mortos? Lembrai-vos o que Ele disse estando na Galiléia. Convém que o Filho do Homem seja entregue nas mãos dos pecadores, seja crucificado e ressuscite ao terceiro dia."
Capítulo 23,Saindo dali elas anunciaram aos onze discípulos e aos demais. Quem eram elas?,"Maria Madalena, Joana, Maria mãe de Tiago e as outras mulheres."
Capítulo 23,Que discípulo correu também ao sepulcro?,Pedro.
Capítulo 23,Qual era a distância de Emaús de Jerusalém?,Sessenta estádios.
Capítulo 23,De quem Jesus se aproximou e onde estavam?,De dois discípulos que andavam pelo caminho de Emaús.
Capítulo 23,Qual era o nome de um deles?,Cleopas.
Capítulo 23,O que eles conversavam pelo caminho?,Sobre o que tinha ocorrido com Jesus o Nazareno e como alguns foram ao sepulcro e não acharam o corpo de Jesus.
Capítulo 23,Que convite eles fizeram a Jesus quando chegaram à aldeia?,Já era tarde. Para que Jesus ficasse ali com eles.
Capítulo 23,"Estando com eles à mesa. O que Jesus fez, que abriu os olhos deles e eles o reconheceram?",Jesus pegando o pão abençoou e repartiu entre eles. E desapareceu.
Capítulo 23,"Eles saindo dali, foram contar aos onze discípulos o ocorrido. Quem apareceu novamente a eles?",Jesus.
Capítulo 23,Ao verem Jesus ficaram atemorizados e espantados. O que Jesus pediu para eles verem?,As mãos e os pés. Pediu para que tocassem nele.
Capítulo 23,O que Jesus comeu diante deles?,Um peixe assado e um favo de mel.
Capítulo 23,Convinha que se cumprisse o que estava escrito sobre Jesus aonde?,"Na lei de Moisés, nos profetas e nos Salmos."
Capítulo 23,Por que eles deveriam ficar em Jerusalém?,Até do alto serem revestidos de poder.
Capítulo 23,Até onde eles foram levados por Jesus antes de sua ascensão?,Até Betânia.
Milagre,Cura de um endemoniado em Cafarnaum,"Na sinagoga, homem com espírito de um demônio"
Milagre,Cura da sogra de Pedro,Febre alta
Milagre,Pesca maravilhosa,No barco de Pedro e André
Milagre,Cura de um leproso,"“Senhor, se quiseres”"
Milagre,Cura de um paralítico,Pelo telhado
Milagre,Cura do homem com mão mirrada,No sábado
Milagre,Cura do servo do centurião de Cafarnaum,Basta uma palavra
Milagre,Ressurreição do filho da viúva de Naim,Jesus ressuscita o jovem
Milagre,Libertação de Maria Madalena,Sete demônios
Milagre,Acalma a tempestade,Jesus estava dormindo
Milagre,Endemoniado gadareno,"Homem possuído, porcos envolvidos"
Milagre,Ressurreição da filha de Jairo,Menina de 12 anos
Milagre,Mulher com fluxo de sangue,Tocou nas vestes de Jesus
Milagre,Primeira multiplicação de pães e peixes,"5 pães, 2 peixes, 12 cestos, quase 5000 homens"
Milagre,Transfiguração,"Elias, Moisés e Jesus aparecem"
Milagre,Cura de um jovem lunático,Pai pede aos discípulos e depois a Jesus
Milagre,Mulher paralítica,18 anos curvada
Milagre,Cura do hidrópico,"Acúmulo de líquido no corpo, curado no sábado"
Milagre,Cura dos dez leprosos,"Apenas um voltou, era samaritano"
Milagre,Cego de Jericó,"Filho de Davi, “tem misericórdia de mim”"
Milagre,Orelha do servo do sumo sacerdote,Cortada no Getsêmani
Parábola,Parábola do semeador,"Caminho, pedras, espinho e boa"
Parábola,Parábola da candeia,Colocar no velador
Parábola,Parábola do bom samaritano,"Sacerdote, levita e samaritano"
Parábola,Parábola do amigo inoportuno,Pedido de 3 pães à noite
Parábola,Candeia do corpo,É o olho
Parábola,Parábola do rico insensato,"Planta, colhe, derruba o celeiro"
Parábola,Parábola do servo vigilante,Vigia a toda hora
Parábola,Parábola da figueira estéril,O vinhateiro pede um prazo
Parábola,Parábola do grão de mostarda,Planta e cresce grande
Parábola,Parábola do fermento,Mulher coloca em três medidas de farinha
Parábola,A porta estreita,Poucos vão se salvar
Parábola,Parábola dos primeiros assentos,Escolher o último lugar
Parábola,Parábola dos convidados,"Não chamar os amigos, mas os pobres"
Parábola,Parábola da grande ceia,"Convidou, ninguém foi, chamou todos depois"
Parábola,Parábola acerca da providência,"Fazer contas antes de gastar, ver exército antes de atacar"
Parábola,Parábola da ovelha perdida,"Eram 100, uma se perdeu"
Parábola,Parábola da dracma perdida,"Eram 10, perdeu uma"
Parábola,Parábola do filho pródigo,Dois filhos
Parábola,Parábola do mordomo infiel,Negocia a dívida dos devedores
Parábola,Parábola do rico e Lázaro,Seio de Abraão e tormento
Parábola,Parábola do juiz iníquo,Viúva que vai pedir
Parábola,Parábola do fariseu e do publicano,Eles oram no templo
Parábola,Parábola dos dez servos e das dez minas,"1 rendeu 10, 1 rendeu 5, 1 guardou no lenço"
Parábola,Parábola dos lavradores maus,Matam o filho